run,delta_t_s,sink_duration_avg_s,sink_duration_max_s,sink_duration_min_s,sink_percentage_replica_0,sink_percentage_replica_1,sink_percentage_replica_2,sink_percentage_replica_3,sink_percentage_replica_4,sink_tuples_replica_0,sink_tuples_replica_1,sink_tuples_replica_2,sink_tuples_replica_3,sink_tuples_replica_4,src_duration_avg_s,src_duration_max_s,src_duration_min_s,throughput_input_tps,tuple_input,tuple_output
1,15.979306,6.7299788,15.926324,4.301503,5.010411272032431,5.018125971034163,5.006839652124221,4.9836955551190245,79.98092754969016,210426,210750,210276,209304,3359019,2.3621307000000002,3.849897,1.624487,350453.26749484614,5600000,4199775
2,14.843182,6.431379,14.772691,4.21362,5.010411272032431,5.018125971034163,5.006839652124221,4.9836955551190245,79.98092754969016,210426,210750,210276,209304,3359019,2.3034363,3.82585,1.535913,377277.59452117473,5600000,4199775
3,16.73358,6.985327799999999,16.665184,4.452548,5.010411272032431,5.018125971034163,5.006839652124221,4.9836955551190245,79.98092754969016,210426,210750,210276,209304,3359019,2.2919614,3.847626,1.550123,334656.4213993658,5600000,4199775
4,16.254109,7.0023212,16.181108,4.530454,5.010411272032431,5.018125971034163,5.006839652124221,4.9836955551190245,79.98092754969016,210426,210750,210276,209304,3359019,2.4624326,3.805023,1.770474,344528.2666678315,5600000,4199775
5,15.701461,6.6174384,15.634397,4.212923,5.010411272032431,5.018125971034163,5.006839652124221,4.9836955551190245,79.98092754969016,210426,210750,210276,209304,3359019,2.2710212999999997,3.768288,1.526279,356654.7087560833,5600000,4199775
7,15.512835,6.674752799999999,15.442141,4.35976,5.010411272032431,5.018125971034163,5.006839652124221,4.9836955551190245,79.98092754969016,210426,210750,210276,209304,3359019,2.2942311,3.867335,1.513921,360991.39841299155,5600000,4199775
8,14.899987,6.5679902000000006,14.835596,4.356354,5.010411272032431,5.018125971034163,5.006839652124221,4.9836955551190245,79.98092754969016,210426,210750,210276,209304,3359019,2.2970357000000003,3.702299,1.683341,375839.2540879398,5600000,4199775
9,15.673868,6.9242022,15.598482,4.609035,5.010411272032431,5.018125971034163,5.006839652124221,4.9836955551190245,79.98092754969016,210426,210750,210276,209304,3359019,2.3902521,3.697481,1.768903,357282.5801518808,5600000,4199775
10,15.211737,6.4814504,15.131867,4.171942,5.010411272032431,5.018125971034163,5.006839652124221,4.9836955551190245,79.98092754969016,210426,210750,210276,209304,3359019,2.272408,3.778333,1.494068,368136.7880604299,5600000,4199775
Media,15.645562777777778,6.7127600888888885,15.576421111111111,4.356459888888889,5.010411272032431,5.018125971034163,5.006839652124221,4.9836955551190245,79.98092754969016,210426.0,210750.0,210276.0,209304.0,3359019.0,2.3272121333333335,3.793570222222222,1.607501,358424.47550583817,5600000.0,4199775.0
