run,delta_t_s,sink_duration_avg_s,sink_duration_max_s,sink_duration_min_s,sink_percentage_replica_0,sink_percentage_replica_1,sink_percentage_replica_2,sink_tuples_replica_0,sink_tuples_replica_1,sink_tuples_replica_2,src_duration_avg_s,src_duration_max_s,src_duration_min_s,throughput_input_tps,tuple_input,tuple_output
1,24.938337,23.931403666666668,23.936754,23.928083,33.333867866524194,33.332107818212826,33.33402431526299,2556789,2556654,2556801,24.43309066666667,24.841674,24.156112,1106729.7711150507,27600000,7670244
4,23.444661,22.438769,22.4398,22.438067,33.33325961230109,33.33291404496246,33.33382634273645,2411488,2411463,2411529,22.96187533333333,23.340449,22.639018,1177240.3107044287,27600000,7234480
5,23.348149,22.343526333333333,22.343935,22.343078,33.33350888538216,33.33277433865155,33.3337167759663,2405124,2405071,2405139,22.906653666666667,23.245271,22.600242,1182106.555855884,27600000,7215334
6,23.737379,22.72807166666667,22.73282,22.72176,33.33323808411921,33.33235362713089,33.3344082887499,2449707,2449642,2449793,23.35286866666667,23.631395,23.033669,1162723.1464771237,27600000,7349142
7,23.855018,22.847989,22.850165,22.846312,33.3332695550398,33.3324358816315,33.334294563328704,2439000,2438939,2439075,23.265422333333333,23.750765,22.945891,1156989.2757993308,27600000,7317014
8,23.878718,22.873473,22.874216,22.872506,33.33337438298946,33.332334458367576,33.33429115864296,2436077,2436001,2436144,23.235658,23.774789,22.667962,1155840.945900027,27600000,7308222
9,23.613498,22.607230333333334,22.608867,22.605176,33.333415692868115,33.33218029984636,33.33440400728552,2428383,2428293,2428455,23.164069333333334,23.515636,22.772882,1168823.0180890607,27600000,7285131
10,24.445795,23.44023333333333,23.441374,23.439081,33.33380739760909,33.33298332326057,33.33320927913033,2507900,2507838,2507855,23.941969,24.34218,23.552037,1129028.530264612,27600000,7523593
Media,23.907694375,22.901337041666668,22.903491375,22.899257875,33.33346768460414,33.33251047400797,33.334021841387894,2454308.5,2454237.625,2454348.875,23.407700875,23.805269875,23.045976625,1154935.1942756898,27600000.0,7362895.0
